{
  "1": {
    "voxel_count": 541667,
    "bounding_box_voxels": [
      [
        1,
        1,
        0
      ],
      [
        286,
        283,
        13
      ]
    ],
    "dimensions_voxels": [
      286,
      283,
      14
    ],
    "volume_real": 22309.047045454037,
    "per_layer_metrics": {
      "0": {
        "pixel_count": 43572,
        "bounding_box": [
          [
            1,
            1
          ],
          [
            286,
            283
          ]
        ],
        "dimensions": [
          286,
          283
        ],
        "area_real": 1597.8765875248241,
        "compactness": 0.538337987101238
      },
      "1": {
        "pixel_count": 43572,
        "bounding_box": [
          [
            1,
            1
          ],
          [
            286,
            283
          ]
        ],
        "dimensions": [
          286,
          283
        ],
        "area_real": 1597.8765875248241,
        "compactness": 0.538337987101238
      },
      "2": {
        "pixel_count": 43572,
        "bounding_box": [
          [
            1,
            1
          ],
          [
            286,
            283
          ]
        ],
        "dimensions": [
          286,
          283
        ],
        "area_real": 1597.8765875248241,
        "compactness": 0.538337987101238
      },
      "3": {
        "pixel_count": 43927,
        "bounding_box": [
          [
            1,
            1
          ],
          [
            286,
            283
          ]
        ],
        "dimensions": [
          286,
          283
        ],
        "area_real": 1610.8951817727657,
        "compactness": 0.5427240603919049
      },
      "4": {
        "pixel_count": 43321,
        "bounding_box": [
          [
            1,
            1
          ],
          [
            286,
            283
          ]
        ],
        "dimensions": [
          286,
          283
        ],
        "area_real": 1588.6718913100822,
        "compactness": 0.535236847957696
      },
      "5": {
        "pixel_count": 42396,
        "bounding_box": [
          [
            1,
            1
          ],
          [
            286,
            283
          ]
        ],
        "dimensions": [
          286,
          283
        ],
        "area_real": 1554.7502020724878,
        "compactness": 0.5238083471299019
      },
      "6": {
        "pixel_count": 42001,
        "bounding_box": [
          [
            1,
            1
          ],
          [
            286,
            283
          ]
        ],
        "dimensions": [
          286,
          283
        ],
        "area_real": 1540.2647239656233,
        "compactness": 0.5189280683980331
      },
      "7": {
        "pixel_count": 41569,
        "bounding_box": [
          [
            1,
            1
          ],
          [
            286,
            283
          ]
        ],
        "dimensions": [
          286,
          283
        ],
        "area_real": 1524.4223782892548,
        "compactness": 0.5135906496330525
      },
      "8": {
        "pixel_count": 41691,
        "bounding_box": [
          [
            1,
            1
          ],
          [
            286,
            283
          ]
        ],
        "dimensions": [
          286,
          283
        ],
        "area_real": 1528.89637405897,
        "compactness": 0.5150979762287182
      },
      "9": {
        "pixel_count": 41142,
        "bounding_box": [
          [
            1,
            1
          ],
          [
            286,
            283
          ]
        ],
        "dimensions": [
          286,
          283
        ],
        "area_real": 1508.7633930952518,
        "compactness": 0.508315006548222
      },
      "10": {
        "pixel_count": 39889,
        "bounding_box": [
          [
            1,
            1
          ],
          [
            286,
            283
          ]
        ],
        "dimensions": [
          286,
          283
        ],
        "area_real": 1462.8132562144888,
        "compactness": 0.4928340211025723
      },
      "11": {
        "pixel_count": 25005,
        "bounding_box": [
          [
            1,
            1
          ],
          [
            286,
            283
          ]
        ],
        "dimensions": [
          286,
          283
        ],
        "area_real": 916.9857723092405,
        "compactness": 0.30894017643134253
      },
      "12": {
        "pixel_count": 25005,
        "bounding_box": [
          [
            1,
            1
          ],
          [
            286,
            283
          ]
        ],
        "dimensions": [
          286,
          283
        ],
        "area_real": 916.9857723092405,
        "compactness": 0.30894017643134253
      },
      "13": {
        "pixel_count": 25005,
        "bounding_box": [
          [
            1,
            1
          ],
          [
            286,
            283
          ]
        ],
        "dimensions": [
          286,
          283
        ],
        "area_real": 916.9857723092405,
        "compactness": 0.30894017643134253
      }
    }
  },
  "2": {
    "voxel_count": 175004,
    "bounding_box_voxels": [
      [
        844,
        498,
        0
      ],
      [
        1051,
        1511,
        13
      ]
    ],
    "dimensions_voxels": [
      208,
      1014,
      14
    ],
    "volume_real": 7207.698584448819,
    "per_layer_metrics": {
      "0": {
        "pixel_count": 14905,
        "bounding_box": [
          [
            844,
            498
          ],
          [
            1050,
            1511
          ]
        ],
        "dimensions": [
          207,
          1014
        ],
        "area_real": 546.5975979311829,
        "compactness": 0.07101068137857436
      },
      "1": {
        "pixel_count": 14905,
        "bounding_box": [
          [
            844,
            498
          ],
          [
            1050,
            1511
          ]
        ],
        "dimensions": [
          207,
          1014
        ],
        "area_real": 546.5975979311829,
        "compactness": 0.07101068137857436
      },
      "2": {
        "pixel_count": 14905,
        "bounding_box": [
          [
            844,
            498
          ],
          [
            1050,
            1511
          ]
        ],
        "dimensions": [
          207,
          1014
        ],
        "area_real": 546.5975979311829,
        "compactness": 0.07101068137857436
      },
      "3": {
        "pixel_count": 15113,
        "bounding_box": [
          [
            844,
            498
          ],
          [
            1050,
            1511
          ]
        ],
        "dimensions": [
          207,
          1014
        ],
        "area_real": 554.2253939975825,
        "compactness": 0.072001638891271
      },
      "4": {
        "pixel_count": 14859,
        "bounding_box": [
          [
            844,
            498
          ],
          [
            1051,
            1511
          ]
        ],
        "dimensions": [
          208,
          1014
        ],
        "area_real": 544.9106814934215,
        "compactness": 0.07045118343195267
      },
      "5": {
        "pixel_count": 14569,
        "bounding_box": [
          [
            844,
            498
          ],
          [
            1051,
            1511
          ]
        ],
        "dimensions": [
          208,
          1014
        ],
        "area_real": 534.2757735162297,
        "compactness": 0.06907620239720831
      },
      "6": {
        "pixel_count": 14332,
        "bounding_box": [
          [
            844,
            498
          ],
          [
            1051,
            1511
          ]
        ],
        "dimensions": [
          208,
          1014
        ],
        "area_real": 525.584486652111,
        "compactness": 0.06795251099984828
      },
      "7": {
        "pixel_count": 14134,